village_code,school_name,village,subdistrict,district,province,phone,phone_source,phone_note
802,โรงเรียนบ้านวังตาเทพ,หมู่ 5 บ้านวังตาเทพ,บ้านไร่,เทพสถิต,ชัยภูมิ,,,not found - official page has no phone; not on Yellow Pages or in Google/Facebook results
816,โรงเรียนบ้านไทรงาม,หมู่ 7 บ้านไทรงาม,โป่งนก,เทพสถิต,ชัยภูมิ,,https://webschool.chaiyaphum3.go.th/?School_ID=1036100230&option=info&cat=sch_info,not found - official page has no phone; not on Yellow Pages or in Google/Facebook results
818,โรงเรียนโป่งนกประชาสามัคคี,หมู่ 9 บ้านโคกชาติ,โป่งนก,เทพสถิต,ชัยภูมิ,044-810240,https://www.thai-school.net (โรงเรียนโป่งนกประชาสามัคคี),"medium - secondary directory; school is under อบจ.ชัยภูมิ, not สพป."
30181003,โรงเรียนบ้านกุดขมิ้น,หมู่ 3 กุดขมิ้น,หนองตะไก้,สูงเนิน,นครราชสีมา,065-9911395,http://bigdata.korat4.go.th/board_addr?amper=สูงเนิน,high - official สพป.นม.4 BIGDATA; school identified by หมู่ 3 บ้านบ้านกุดขมิ้น ต.หนองตะไก้; alt phone 087-9564213; 2567 record had 044-082612
30181005,โรงเรียนบ้านหนองแวง,หมู่ 5 หนองแวง,หนองตะไก้,สูงเนิน,นครราชสีมา,098-8553776,http://bigdata.korat4.go.th/board_addr?amper=สูงเนิน,high - official สพป.นม.4 BIGDATA; school identified by หมู่ 5 บ้านบ้านหนองแวง ต.หนองตะไก้; alt phone 089-3296465; 2567 record had 044-418308
804,โรงเรียนบ้านโปงนกพิทยา,หมู่ 1 บ้านโป่งนก,โป่งนก,เทพสถิต,ชัยภูมิ,,,not found - official page has no phone; not on Yellow Pages or in Google/Facebook results; branch สาขาบ้านคลองผักหวาน is 044-109249 (different campus)
811,โรงเรียนบ้านสะพานหิน,หมู่ 2 บ้านสะพานหิน,โป่งนก,เทพสถิต,ชัยภูมิ,,,not found - official page has no phone; not on Yellow Pages or in Google/Facebook results
812,โรงเรียนบ้านโป่งขุนเพชรพัฒนา,หมู่ 3 บ้านโป่งขุนเพชร,โป่งนก,เทพสถิต,ชัยภูมิ,,https://webschool.chaiyaphum3.go.th/?School_ID=1036100225&option=info&cat=sch_info,not found - official page has no phone; not on Yellow Pages or in Google/Facebook results
733,โรงเรียนบ้านหนองสังข์,หมู่ 1 หนองสังข์,หนองสังข์,แก้งคร้อ,ชัยภูมิ,044-823173,https://host.chaiyaphum2.go.th/bigdata/tableSchoolID.php?id=36020227,high - official สพป.ชย.2 BIGDATA (listed as 44823173)
748,โรงเรียนโคกม่วงศึกษา,หมู่ 9 โคกม่วง,หนองสังข์,แก้งคร้อ,ชัยภูมิ,044-109134,https://host.chaiyaphum2.go.th/bigdata/tableSchoolID.php?id=36020231,high - official สพป.ชย.2 BIGDATA (listed as 44109134)
979,โรงเรียนบ้านสำนักตูมกา,หมู่ 5 สำนักตูมกา,วังตะเฆ่,หนองบัวระเหว,ชัยภูมิ,044-109587,https://webschool.chaiyaphum3.go.th (โรงเรียนบ้านสำนักตูมกา),"medium - official page, seen via Google snippet"
980,โรงเรียนบ้านหัวสะพาน,หมู่ 6 หัวสะพาน,วังตะเฆ่,หนองบัวระเหว,ชัยภูมิ,,https://webschool.chaiyaphum3.go.th/?School_ID=1036100261&option=info&cat=sch_info,not found - official page has no phone; not on Yellow Pages or in Google/Facebook results
983,โรงเรียนบ้านท่าโป่ง สาขาบ้านหลังสัน,หมู่ 9 หลังสัน,วังตะเฆ่,หนองบัวระเหว,ชัยภูมิ,044-870427,https://webschool.chaiyaphum3.go.th/?School_ID=1036100264&option=info&cat=sch_info,medium - main school บ้านท่าโป่ง's number; branch page has no phone (user-approved)
30201114,โรงเรียนนาหว้าไตรประชาคม,หมู่ 14 เดิ่นพัฒนา,ดอนเมือง,สีคิ้ว,นครราชสีมา,081-6290674,http://bigdata.korat4.go.th/board_addr?amper=สีคิ้ว,high - official สพป.นม.4 BIGDATA; school identified by หมู่ 14 บ้านบ้านเดิ่นพัฒนา ต.ดอนเมือง; 2567 record had 656292892
30201104,โรงเรียนบ้านดอนเมือง,หมู่ 4 ดอนเมือง,ดอนเมือง,สีคิ้ว,นครราชสีมา,095-5827633,http://bigdata.korat4.go.th/board_addr?amper=สีคิ้ว,high - official สพป.นม.4 BIGDATA; school identified by หมู่ 4 บ้านดอนเมือง ต.ดอนเมือง; 2567 record had 044-430420
759,โรงเรียนซับใหญ่วิทยาคม,หมู่ 1 ซับใหญ่,ซับใหญ่,ซับใหญ่,ชัยภูมิ,044-731057,https://webschool.chaiyaphum3.go.th/?School_ID=1036100748&option=info&cat=sch_info,high - official สพป.ชย.3 school info page
766,โรงเรียนบ้านโนนสะอาด,หมู่ 3 โนนสะอาด,ซับใหญ่,ซับใหญ่,ชัยภูมิ,,,not found - official page has no phone; not on Yellow Pages or in Google/Facebook results
968,โรงเรียนบ้านสำนักตูมกา สาขาบ้านปากดง,หมู่ 11 ปากดง,วังตะเฆ่,หนองบัวระเหว,ชัยภูมิ,044-109588,https://webschool.chaiyaphum3.go.th/?School_ID=1036100268&option=info&cat=sch_info,high - official สพป.ชย.3 school info page
970,โรงเรียนบ้านวังกะทะ สาขาบ้านวังอุดม,หมู่ 13 วังอุดม,วังตะเฆ่,หนองบัวระเหว,ชัยภูมิ,044-810905,https://webschool.chaiyaphum3.go.th/?School_ID=1036100267&option=info&cat=sch_info,high - official สพป.ชย.3 school info page
989,โรงเรียนบ้านหนองกองแก้ว,หมู่ 4 หนองกองแก้ว,ห้วยแย้,หนองบัวระเหว,ชัยภูมิ,,https://webschool.chaiyaphum3.go.th/?School_ID=1036100270&option=info&cat=sch_info,not found - official page has no phone; not on Yellow Pages or in Google/Facebook results
